timestamp,type,value,rr_interval_sec
2026-03-03 10:52:40.993,SpO2,94414717623225829651600810,
2026-03-03 10:52:41.113,SpO2,90787977201416830110881194,
2026-03-03 10:52:41.116,SpO2,61200660692189952820823152042,
2026-03-03 10:52:41.144,SpO2,69246155756688810,
2026-03-03 10:52:41.145,SpO2,325843287320346378589610,
2026-03-03 10:52:41.202,SpO2,292635939626890060081616298,
2026-03-03 10:52:41.293,SpO2,125785194386094701685986730,
2026-03-03 10:52:41.444,SpO2,256353905198333679673234858,
2026-03-03 10:52:41.504,SpO2,82363312071310328890086826,
2026-03-03 10:52:41.624,SpO2,290317590882069739473950122,
2026-03-03 10:52:41.714,SpO2,213012692160056337827321258,
2026-03-03 10:52:41.804,SpO2,218433969172886060637574570,
2026-03-03 10:52:41.924,SpO2,75152518082550658581353898,
2026-03-03 10:52:42.044,SpO2,73948333075877099738191274,
2026-03-03 10:52:42.104,SpO2,301216905464635528370410922,
2026-03-03 10:52:42.105,SpO2,541599228374921193504855466,
2026-03-03 10:52:42.132,SpO2,69246155756688810,
2026-03-03 10:52:42.163,SpO2,325843287320346378589610,
2026-03-03 10:52:42.193,SpO2,73924647167409456568817066,
2026-03-03 10:52:42.344,SpO2,227439262788540182270268842,
2026-03-03 10:52:42.403,SpO2,48494537057739505008596394,
2026-03-03 10:52:42.523,SpO2,54539129045302898372597162,
2026-03-03 10:52:42.614,SpO2,5034764624813901109745066,
2026-03-03 10:52:42.704,SpO2,133176253576650933022971306,
2026-03-03 10:52:42.823,SpO2,278209406327211907215218090,
2026-03-03 10:52:42.831,heartbeat,81,0.9033203125
2026-03-03 10:52:42.913,SpO2,199629209460128514608944554,
2026-03-03 10:52:43.004,SpO2,129502048670712615438079402,
2026-03-03 10:52:43.093,SpO2,260061277784158637701158314,
2026-03-03 10:52:43.153,SpO2,541599228374921193504855466,
2026-03-03 10:52:43.155,SpO2,69246155756688810,
2026-03-03 10:52:43.182,SpO2,325843287320346378589610,
2026-03-03 10:52:43.212,SpO2,197206616862990876340606378,
2026-03-03 10:52:43.303,SpO2,21921854790004969281901994,
2026-03-03 10:52:43.423,SpO2,215364190065680156153828778,
2026-03-03 10:52:43.513,SpO2,51011910037271852321035690,
2026-03-03 10:52:43.603,SpO2,229304819778284598959494570,
2026-03-03 10:52:43.723,SpO2,235934911133670533386687914,
2026-03-03 10:52:43.813,SpO2,105380404313517289754285482,
2026-03-03 10:52:43.821,heartbeat,79,0.9189453125
2026-03-03 10:52:43.903,SpO2,301216905464635528370410922,
2026-03-03 10:52:44.025,SpO2,122291143203762030594971050,
2026-03-03 10:52:44.114,SpO2,33347010158757034036074337706,
2026-03-03 10:52:44.116,SpO2,69246155756688810,
2026-03-03 10:52:44.144,SpO2,325843287320346378589610,
2026-03-03 10:52:44.204,SpO2,308470460237641866854487466,
2026-03-03 10:52:44.232,SpO2,203289173117943284811912618,
2026-03-03 10:52:44.323,SpO2,164650918562246426507564458,
2026-03-03 10:52:44.413,SpO2,101158682971474074966906282,
2026-03-03 10:52:44.534,SpO2,196030877315254646370948522,
2026-03-03 10:52:44.624,SpO2,175502824217366077044118954,
2026-03-03 10:52:44.713,SpO2,146479159886555654575314346,
2026-03-03 10:52:44.833,SpO2,152509547881183391096198570,
2026-03-03 10:52:44.870,heartbeat,78,0.9228515625
2026-03-03 10:52:44.924,SpO2,250437280010572554587559338,
2026-03-03 10:52:45.012,SpO2,232322300701368837783639466,
2026-03-03 10:52:45.102,SpO2,33347010158757034036074337706,
2026-03-03 10:52:45.133,SpO2,69246155756688810,
2026-03-03 10:52:45.163,SpO2,325843287320346378589610,
2026-03-03 10:52:45.165,SpO2,162266271640787519561225642,
2026-03-03 10:52:45.252,SpO2,197891712083195430955865514,
2026-03-03 10:52:45.313,SpO2,8680561473673233458746794,
2026-03-03 10:52:45.433,SpO2,280693611772247136137074090,
2026-03-03 10:52:45.523,SpO2,98126849540794625270175146,
2026-03-03 10:52:45.613,SpO2,158568399563335129598219690,
2026-03-03 10:52:45.733,SpO2,158568399563335129598219690,
2026-03-03 10:52:45.824,SpO2,107840868220351242784691626,
2026-03-03 10:52:45.861,heartbeat,76,0.8720703125
2026-03-03 10:52:45.861,heartbeat,76,0.8212890625
2026-03-03 10:52:45.944,SpO2,112681405269723905625380266,
2026-03-03 10:52:46.093,SpO2,278266296954017249787598250,
2026-03-03 10:52:46.124,SpO2,33347010158757034036074337706,
2026-03-03 10:52:46.154,SpO2,69246155756688810,
2026-03-03 10:52:46.155,SpO2,325843287320346378589610,
2026-03-03 10:52:46.184,SpO2,190009971163533954138461610,
2026-03-03 10:52:46.243,SpO2,47351965044638931894621610,
2026-03-03 10:52:46.334,SpO2,171857120327328643482080682,
2026-03-03 10:52:46.423,SpO2,71520981146430474902525354,
2026-03-03 10:52:46.512,SpO2,148873270060065642559526314,
2026-03-03 10:52:46.632,SpO2,54705022565674026091369898,
2026-03-03 10:52:46.722,SpO2,213626748463585453763679658,
2026-03-03 10:52:46.812,SpO2,17109874603999812299740586,
2026-03-03 10:52:46.821,heartbeat,75,0.78125
2026-03-03 10:52:46.933,SpO2,160976787950513306909758890,
2026-03-03 10:52:47.053,SpO2,118640679908790668427744682,
2026-03-03 10:52:47.113,SpO2,5493359293282721924553594282,
2026-03-03 10:52:47.115,SpO2,69246155756688810,
2026-03-03 10:52:47.142,SpO2,325843287320346378589610,
2026-03-03 10:52:47.202,SpO2,136760326026941953681085866,
2026-03-03 10:52:47.233,SpO2,182680562149396231519950250,
2026-03-03 10:52:47.323,SpO2,5015745525577500389758378,
2026-03-03 10:52:47.443,SpO2,111477201670778212555117994,
2026-03-03 10:52:47.533,SpO2,222660477879626961234384298,
2026-03-03 10:52:47.623,SpO2,130796254728319620223030698,
2026-03-03 10:52:47.742,SpO2,42511576654887635112646058,
2026-03-03 10:52:47.833,SpO2,123476383259589353652835754,
2026-03-03 10:52:47.840,heartbeat,75,0.7607421875
2026-03-03 10:52:47.953,SpO2,111382365441488627721786794,
2026-03-03 10:52:48.073,SpO2,95694701023280476793558442,
2026-03-03 10:52:48.134,SpO2,5493359293282721924553594282,
2026-03-03 10:52:48.137,SpO2,69246155756688810,
2026-03-03 10:52:48.163,SpO2,325843287320346378589610,
2026-03-03 10:52:48.192,SpO2,122409627941085882029659562,
2026-03-03 10:52:48.222,SpO2,303091962890128670598321578,
2026-03-03 10:52:48.344,SpO2,132014699501918394195596714,
2026-03-03 10:52:48.433,SpO2,234782875940293898784429482,
2026-03-03 10:52:48.523,SpO2,141662438814412739177305514,
2026-03-03 10:52:48.643,SpO2,258899760892840069374629290,
2026-03-03 10:52:48.733,SpO2,34049003032520771117209002,
2026-03-03 10:52:48.823,SpO2,128435312088881239629452714,
2026-03-03 10:52:48.831,heartbeat,76,0.7666015625
2026-03-03 10:52:48.831,heartbeat,76,0.7578125
2026-03-03 10:52:48.943,SpO2,37687753514220946522592682,
2026-03-03 10:52:49.032,SpO2,108902919691175711533389226,
2026-03-03 10:52:49.123,SpO2,11373574424548046009195779498,
2026-03-03 10:52:49.124,SpO2,69246155756688810,
2026-03-03 10:52:49.183,SpO2,325843287320346378589610,
2026-03-03 10:52:49.184,SpO2,268528462223329409792693674,
2026-03-03 10:52:49.242,SpO2,96875255605829403625346474,
2026-03-03 10:52:49.362,SpO2,76314035046209395434149290,
2026-03-03 10:52:49.484,SpO2,89668979765541615172539818,
2026-03-03 10:52:49.543,SpO2,14834230720500055017477546,
2026-03-03 10:52:49.663,SpO2,146543189837926981413328298,
2026-03-03 10:52:49.753,SpO2,256529280998773276837631402,
2026-03-03 10:52:49.820,heartbeat,76,0.7431640625
2026-03-03 10:52:49.843,SpO2,275862667971063816081331626,
2026-03-03 10:52:49.933,SpO2,18333023079746230094353834,
2026-03-03 10:52:50.053,SpO2,63058519000552481441666474,
2026-03-03 10:52:50.143,SpO2,66771391182570783635768563114,
2026-03-03 10:52:50.145,SpO2,69246155756688810,
2026-03-03 10:52:50.173,SpO2,325843287320346378589610,
2026-03-03 10:52:50.174,SpO2,83667037084316549937845674,
2026-03-03 10:52:50.263,SpO2,267513968268648447912924586,
2026-03-03 10:52:50.353,SpO2,127209858567567306906359210,
2026-03-03 10:52:50.443,SpO2,71582631105549202088744362,
2026-03-03 10:52:50.593,SpO2,271060113853122924078126506,
2026-03-03 10:52:50.653,SpO2,100634759268844339056301482,
2026-03-03 10:52:50.744,SpO2,133218921692003724516349354,
2026-03-03 10:52:50.841,heartbeat,77,0.705078125
2026-03-03 10:52:50.841,heartbeat,77,0.6923828125
2026-03-03 10:52:50.893,SpO2,162252011947052395446359466,
2026-03-03 10:52:50.953,SpO2,103081093259075206140351914,
2026-03-03 10:52:51.073,SpO2,92115490159271795940611498,
2026-03-03 10:52:51.102,SpO2,41703105387042677493991429546,
2026-03-03 10:52:51.133,SpO2,69246155756688810,
2026-03-03 10:52:51.193,SpO2,325843287320346378589610,
2026-03-03 10:52:51.194,SpO2,78807722191031538591684010,
2026-03-03 10:52:51.253,SpO2,13502060759476468779537834,
2026-03-03 10:52:51.343,SpO2,104143033253408605331215786,
2026-03-03 10:52:51.463,SpO2,217782041849872326044112298,
2026-03-03 10:52:51.553,SpO2,294105391125109640629540266,
2026-03-03 10:52:51.674,SpO2,11221787541508030676817322,
2026-03-03 10:52:51.794,SpO2,127160070046450330056480170,
2026-03-03 10:52:51.830,heartbeat,78,0.6943359375
2026-03-03 10:52:51.854,SpO2,20779319887130474677491114,
2026-03-03 10:52:51.973,SpO2,199643469372587287814034858,
2026-03-03 10:52:52.063,SpO2,290293923565026507066660266,
2026-03-03 10:52:52.123,SpO2,51606625590645255250927113642,
2026-03-03 10:52:52.153,SpO2,69246155756688810,
2026-03-03 10:52:52.183,SpO2,325843287320346378589610,
2026-03-03 10:52:52.184,SpO2,217810375758844820345279914,
2026-03-03 10:52:52.242,SpO2,108011558255595405083366826,
2026-03-03 10:52:52.364,SpO2,35369479063891696925234602,
2026-03-03 10:52:52.453,SpO2,238409634880906765095884202,
2026-03-03 10:52:52.573,SpO2,88483943926869859857552810,
2026-03-03 10:52:52.663,SpO2,96889496999769083571295658,
2026-03-03 10:52:52.753,SpO2,251608278962671893804438954,
2026-03-03 10:52:52.821,heartbeat,80,0.693359375
2026-03-03 10:52:52.821,heartbeat,80,0.673828125
2026-03-03 10:52:52.873,SpO2,117602165831780885888718250,
2026-03-03 10:52:52.963,SpO2,199861605592446798964676010,
2026-03-03 10:52:53.053,SpO2,55871392365149614070781354,
2026-03-03 10:52:53.143,SpO2,51606625590645255250927113642,
2026-03-03 10:52:53.145,SpO2,69246155756688810,
2026-03-03 10:52:53.173,SpO2,325843287320346378589610,
2026-03-03 10:52:53.203,SpO2,187658454811169360637285802,
2026-03-03 10:52:53.263,SpO2,168258825437362290317809066,
2026-03-03 10:52:53.353,SpO2,229876059523577488434222506,
2026-03-03 10:52:53.473,SpO2,101753552778056057821812138,
2026-03-03 10:52:53.563,SpO2,173293478221430105018684842,
2026-03-03 10:52:53.684,SpO2,37190025419656389075097002,
2026-03-03 10:52:53.773,SpO2,217848414321287856416314794,
2026-03-03 10:52:53.840,heartbeat,80,0.6630859375
2026-03-03 10:52:53.864,SpO2,226325154607360274189997482,
2026-03-03 10:52:53.953,SpO2,169444046829141360087356842,
2026-03-03 10:52:54.074,SpO2,136769826317444093678933418,
2026-03-03 10:52:54.163,SpO2,20658124553170516157320353194,
2026-03-03 10:52:54.165,SpO2,69246155756688810,
2026-03-03 10:52:54.193,SpO2,325843287320346378589610,
2026-03-03 10:52:54.194,SpO2,134366104594812423717737898,
2026-03-03 10:52:54.283,SpO2,133422556307776604159825322,
2026-03-03 10:52:54.373,SpO2,10031881039570876823983530,
2026-03-03 10:52:54.463,SpO2,294020222801191972199421354,
2026-03-03 10:52:54.584,SpO2,25657709726833735067719082,
2026-03-03 10:52:54.674,SpO2,67889537168850715033949610,
2026-03-03 10:52:54.763,SpO2,52154482195904883999069610,
2026-03-03 10:52:54.831,heartbeat,81,0.6572265625
2026-03-03 10:52:54.913,SpO2,164575101649212648461391274,
2026-03-03 10:52:54.973,SpO2,193759714471712632039495082,
2026-03-03 10:52:55.063,SpO2,82633765211679927514912170,
2026-03-03 10:52:55.154,SpO2,20658124553170516157320353194,
2026-03-03 10:52:55.156,SpO2,69246155756688810,
2026-03-03 10:52:55.183,SpO2,325843287320346378589610,
2026-03-03 10:52:55.213,SpO2,296433454254859062080394666,
2026-03-03 10:52:55.273,SpO2,265020206903948092805961130,
2026-03-03 10:52:55.363,SpO2,304857961282962638274254250,
2026-03-03 10:52:55.484,SpO2,107750865906088793145824682,
2026-03-03 10:52:55.603,SpO2,160938842274554200122676650,
2026-03-03 10:52:55.693,SpO2,167011805571806038844200362,
2026-03-03 10:52:55.784,SpO2,7722771938224694960805290,
2026-03-03 10:52:55.851,heartbeat,83,0.6650390625
2026-03-03 10:52:55.851,heartbeat,83,0.7119140625
2026-03-03 10:52:55.874,SpO2,201632382345612639173825962,
2026-03-03 10:52:55.993,SpO2,213022211405389073753265578,
2026-03-03 10:52:56.083,SpO2,231160857958440434391799210,
2026-03-03 10:52:56.143,SpO2,20658124553170516157320353194,
2026-03-03 10:52:56.144,SpO2,69246155756688810,
2026-03-03 10:52:56.173,SpO2,325843287320346378589610,
2026-03-03 10:52:56.203,SpO2,169425083359496755089462698,
2026-03-03 10:52:56.293,SpO2,96861033022034484996822442,
2026-03-03 10:52:56.383,SpO2,79931349253003301432022442,
2026-03-03 10:52:56.503,SpO2,13516060679937994443937194,
2026-03-03 10:52:56.593,SpO2,254353213940486967676327338,
2026-03-03 10:52:56.683,SpO2,272309495193548477455881642,
2026-03-03 10:52:56.773,SpO2,227529283912668117273105834,
2026-03-03 10:52:56.840,heartbeat,84,0.7373046875
2026-03-03 10:52:56.923,SpO2,244435374657159222417905066,
2026-03-03 10:52:57.013,SpO2,229852392206534256026932650,
2026-03-03 10:52:57.073,SpO2,31574297876994823193318826,
2026-03-03 10:52:57.133,SpO2,9207179171334004540793902506,
2026-03-03 10:52:57.163,SpO2,69246155756688810,
2026-03-03 10:52:57.193,SpO2,325843287320346378589610,
2026-03-03 10:52:57.194,SpO2,189929376181515795175527850,
2026-03-03 10:52:57.283,SpO2,139329588612169643091514794,
2026-03-03 10:52:57.433,SpO2,251892824690127502775899562,
2026-03-03 10:52:57.493,SpO2,287975732922208011974301098,
2026-03-03 10:52:57.583,SpO2,65528483125550604966909354,
2026-03-03 10:52:57.674,SpO2,180329120163859579020465578,
2026-03-03 10:52:57.793,SpO2,78712978773331549004715434,
2026-03-03 10:52:57.831,heartbeat,84,0.7568359375
2026-03-03 10:52:57.883,SpO2,59370109956995970937869738,
2026-03-03 10:52:58.004,SpO2,275763072335704507131319722,
2026-03-03 10:52:58.094,SpO2,218023529402358184289457578,
2026-03-03 10:52:58.184,SpO2,9207179171334004540793902506,
2026-03-03 10:52:58.185,SpO2,69246155756688810,
2026-03-03 10:52:58.213,SpO2,325843287320346378589610,
2026-03-03 10:52:58.214,SpO2,111629040222933383050646954,
2026-03-03 10:52:58.303,SpO2,193669990922997145751475626,
2026-03-03 10:52:58.393,SpO2,46190466454251603248502186,
2026-03-03 10:52:58.484,SpO2,2579116115625984549410218,
2026-03-03 10:52:58.604,SpO2,43616184473226334180431274,
2026-03-03 10:52:58.693,SpO2,263612256703521630362490282,
2026-03-03 10:52:58.813,SpO2,302231454903662799943062954,
2026-03-03 10:52:58.821,heartbeat,83,0.78125
2026-03-03 10:52:58.821,heartbeat,83,0.7763671875
2026-03-03 10:52:58.903,SpO2,215790885524969253243934122,
2026-03-03 10:52:58.994,SpO2,231506924013417389968283050,
2026-03-03 10:52:59.084,SpO2,175593133586301253873259946,
2026-03-03 10:52:59.143,SpO2,9207179171334004540793902506,
2026-03-03 10:52:59.172,SpO2,69246155756688810,
2026-03-03 10:52:59.233,SpO2,325843287320346378589610,
2026-03-03 10:52:59.234,SpO2,279517909262395716639085994,
2026-03-03 10:52:59.293,SpO2,179120175680482569580664234,
2026-03-03 10:52:59.443,SpO2,153708991929664896020469162,
2026-03-03 10:52:59.504,SpO2,127103160645809398650721706,
2026-03-03 10:52:59.594,SpO2,164603472596917676699243946,
2026-03-03 10:52:59.684,SpO2,75214167967905349683336618,
2026-03-03 10:52:59.804,SpO2,151295936951125904326612394,
2026-03-03 10:52:59.841,heartbeat,82,0.78125
2026-03-03 10:52:59.893,SpO2,194812451132515134183789994,
2026-03-03 10:53:00.013,SpO2,14677800307215997284079018,
2026-03-03 10:53:00.103,SpO2,94438459088662525528462762,
2026-03-03 10:53:00.133,SpO2,9207179171334004540793902506,
2026-03-03 10:53:00.162,SpO2,69246155756688810,
2026-03-03 10:53:00.193,SpO2,325843287320346378589610,
2026-03-03 10:53:00.194,SpO2,263678591991235118187369898,
2026-03-03 10:53:00.343,SpO2,176654822300232959136847274,
2026-03-03 10:53:00.433,SpO2,174355511100259516470482346,
2026-03-03 10:53:00.524,SpO2,54596131076825390464849322,
2026-03-03 10:53:00.643,SpO2,243141057268029557174130090,
2026-03-03 10:53:00.703,SpO2,262493370598889799929517482,
2026-03-03 10:53:00.793,SpO2,62992165122263405831345578,
2026-03-03 10:53:00.830,heartbeat,81,0.787109375
2026-03-03 10:53:00.943,SpO2,280584571404488336384939434,
2026-03-03 10:53:01.003,SpO2,227387076008850892618945962,
2026-03-03 10:53:01.093,SpO2,212984191071815285278201258,
2026-03-03 10:53:01.153,SpO2,65842935968640997641870595498,
2026-03-03 10:53:01.183,SpO2,69246155756688810,
2026-03-03 10:53:01.213,SpO2,325843287320346378589610,
2026-03-03 10:53:01.214,SpO2,47956483656378210730333610,
2026-03-03 10:53:01.303,SpO2,185145767014987387445925290,
2026-03-03 10:53:01.393,SpO2,110201922045499449807951274,
2026-03-03 10:53:01.514,SpO2,37614223272917026709919146,
2026-03-03 10:53:01.603,SpO2,212922615551871264689706410,
2026-03-03 10:53:01.753,SpO2,206911135469919080459228586,
2026-03-03 10:53:01.813,SpO2,156202697519810543864468906,
2026-03-03 10:53:01.821,heartbeat,81,0.75390625
2026-03-03 10:53:01.821,heartbeat,81,0.7294921875
2026-03-03 10:53:01.903,SpO2,296407304835988738859292074,
2026-03-03 10:53:02.024,SpO2,21973986012160057249060266,
2026-03-03 10:53:02.114,SpO2,197273007924412447475062186,
2026-03-03 10:53:02.143,SpO2,65842935968640997641870595498,
2026-03-03 10:53:02.173,SpO2,69246155756688810,
2026-03-03 10:53:02.203,SpO2,325843287320346378589610,
2026-03-03 10:53:02.204,SpO2,60635944995406601935345066,
2026-03-03 10:53:02.324,SpO2,148873288578866210795378090,
2026-03-03 10:53:02.413,SpO2,110249219496740391633245610,
2026-03-03 10:53:02.503,SpO2,261398244551685324623795626,
2026-03-03 10:53:02.623,SpO2,273435353188439414774125994,
2026-03-03 10:53:02.714,SpO2,47342483345845976170452394,
2026-03-03 10:53:02.804,SpO2,169439250241072736934778282,
2026-03-03 10:53:02.841,heartbeat,81,0.712890625
2026-03-03 10:53:02.923,SpO2,202070765527475906851853738,
2026-03-03 10:53:03.014,SpO2,245606280651570259336058282,
2026-03-03 10:53:03.133,SpO2,242083765274197710580176298,
2026-03-03 10:53:03.163,SpO2,65842935968640997641870595498,
2026-03-03 10:53:03.223,SpO2,69246155756688810,
2026-03-03 10:53:03.224,SpO2,325843287320346378589610,
2026-03-03 10:53:03.253,SpO2,186454325652243898606507434,
2026-03-03 10:53:03.313,SpO2,245649004324597990001956266,
2026-03-03 10:53:03.434,SpO2,95742184027911307561751978,
2026-03-03 10:53:03.523,SpO2,156160048287230754261259690,
2026-03-03 10:53:03.614,SpO2,233521800379724712918341034,
2026-03-03 10:53:03.734,SpO2,57065946758370531998651818,
2026-03-03 10:53:03.824,SpO2,13625304974075516857308586,
2026-03-03 10:53:03.831,heartbeat,81,0.69140625
2026-03-03 10:53:03.831,heartbeat,81,0.673828125
2026-03-03 10:53:03.943,SpO2,35340959456281628628702634,
2026-03-03 10:53:04.034,SpO2,291597648649240399664076202,
2026-03-03 10:53:04.124,SpO2,134423106480803556757558698,
2026-03-03 10:53:04.184,SpO2,65842935968640997641870595498,
2026-03-03 10:53:04.185,SpO2,69246155756688810,
2026-03-03 10:53:04.213,SpO2,325843287320346378589610,
2026-03-03 10:53:04.214,SpO2,17095670538720688395474346,
2026-03-03 10:53:04.333,SpO2,233479150928706047736501674,
2026-03-03 10:53:04.423,SpO2,209328931552461860589491626,
2026-03-03 10:53:04.514,SpO2,222930512924870487384741290,
2026-03-03 10:53:04.633,SpO2,132789964288282197270418858,
2026-03-03 10:53:04.723,SpO2,193717362487167903004054954,
2026-03-03 10:53:04.822,heartbeat,82,0.666015625
2026-03-03 10:53:04.844,SpO2,20822006521564209871803818,
2026-03-03 10:53:04.933,SpO2,249242614248097035670476202,
2026-03-03 10:53:05.024,SpO2,181500081643467947631400362,
2026-03-03 10:53:05.114,SpO2,244345242201792300956210602,
2026-03-03 10:53:05.173,SpO2,65842935968640997641870595498,
2026-03-03 10:53:05.174,SpO2,69246155756688810,
2026-03-03 10:53:05.203,SpO2,325843287320346378589610,
2026-03-03 10:53:05.233,SpO2,220161947813423952583153066,
2026-03-03 10:53:05.323,SpO2,295442264789131892689425834,
2026-03-03 10:53:05.474,SpO2,144298464002452335788774826,
2026-03-03 10:53:05.533,SpO2,7542823449786044088538538,
2026-03-03 10:53:05.623,SpO2,207001305108135922956719530,
2026-03-03 10:53:05.773,SpO2,251660484334352942217778602,
2026-03-03 10:53:05.833,SpO2,95671089336396388108293546,
2026-03-03 10:53:05.841,heartbeat,83,0.669921875
2026-03-03 10:53:05.953,SpO2,82353941778364820639143338,
2026-03-03 10:53:06.043,SpO2,25515464713644752438777258,
2026-03-03 10:53:06.133,SpO2,248052391906696012441277866,
2026-03-03 10:53:06.163,SpO2,65842935968640997641870595498,
2026-03-03 10:53:06.193,SpO2,69246155756688810,
2026-03-03 10:53:06.223,SpO2,325843287320346378589610,
2026-03-03 10:53:06.253,SpO2,85113117931400323413267882,
2026-03-03 10:53:06.374,SpO2,188940985384734182213637546,
2026-03-03 10:53:06.433,SpO2,194897824256706665566393770,
2026-03-03 10:53:06.554,SpO2,117498163669680753111684522,
2026-03-03 10:53:06.643,SpO2,9837374735466900977833386,
2026-03-03 10:53:06.764,SpO2,7400540961975237319021994,
2026-03-03 10:53:06.831,heartbeat,84,0.7333984375
2026-03-03 10:53:06.852,SpO2,27938057166383528631293354,
2026-03-03 10:53:06.943,SpO2,195964523436114548760729002,
2026-03-03 10:53:07.093,SpO2,284315425609567775801431466,
2026-03-03 10:53:07.153,SpO2,190246978038330260064261546,
2026-03-03 10:53:07.184,SpO2,65842935968640997641870595498,
2026-03-03 10:53:07.185,SpO2,69246155756688810,
2026-03-03 10:53:07.243,SpO2,325843287320346378589610,
2026-03-03 10:53:07.244,SpO2,165952431052483600791328170,
2026-03-03 10:53:07.333,SpO2,284353594094678607139919274,
2026-03-03 10:53:07.484,SpO2,153761197228155853419271594,
2026-03-03 10:53:07.544,SpO2,77541961519451047619155370,
2026-03-03 10:53:07.664,SpO2,280617776122543461299606954,
2026-03-03 10:53:07.754,SpO2,14644595516822902866400682,
2026-03-03 10:53:07.821,heartbeat,84,0.8203125
2026-03-03 10:53:07.844,SpO2,33963722722470801469035946,
2026-03-03 10:53:07.933,SpO2,102896087608589284388328874,
2026-03-03 10:53:08.054,SpO2,57231840060583159603877290,
2026-03-03 10:53:08.174,SpO2,143580201392859809370297770,
2026-03-03 10:53:08.177,SpO2,65842935968640997641870595498,
2026-03-03 10:53:08.203,SpO2,69246155756688810,
2026-03-03 10:53:08.233,SpO2,325843287320346378589610,
2026-03-03 10:53:08.262,SpO2,269813316652041358638273962,
2026-03-03 10:53:08.353,SpO2,180352805782401399108097450,
2026-03-03 10:53:08.473,SpO2,287880850139459767663285674,
2026-03-03 10:53:08.533,SpO2,139154491685363400334857642,
2026-03-03 10:53:08.653,SpO2,284220830706522942197421482,
2026-03-03 10:53:08.774,SpO2,194741375032138752469194154,
2026-03-03 10:53:08.840,heartbeat,82,0.86328125
2026-03-03 10:53:08.840,heartbeat,82,0.900390625
2026-03-03 10:53:08.864,SpO2,179044191659949755277989290,
2026-03-03 10:53:08.953,SpO2,30621249300019813590980010,
2026-03-03 10:53:09.044,SpO2,243887858366868258756187562,
2026-03-03 10:53:09.193,SpO2,289146610883949974185268650,
2026-03-03 10:53:09.195,SpO2,42631560232038991587605173674,
2026-03-03 10:53:09.223,SpO2,69246155756688810,
2026-03-03 10:53:09.253,SpO2,325843287320346378589610,
2026-03-03 10:53:09.283,SpO2,264968131384009742598755754,
2026-03-03 10:53:09.373,SpO2,36419520182626476192912810,
2026-03-03 10:53:09.463,SpO2,73877219792655195034310058,
2026-03-03 10:53:09.553,SpO2,59370109956995970937869738,
2026-03-03 10:53:09.643,SpO2,204422263360190009628906922,
2026-03-03 10:53:09.764,SpO2,43734465139490026389722538,
2026-03-03 10:53:09.832,heartbeat,80,0.9248046875
2026-03-03 10:53:09.854,SpO2,272373394493456119717909930,
2026-03-03 10:53:09.943,SpO2,241868827034607070172586,
2026-03-03 10:53:10.064,SpO2,263759149935370665701889450,
2026-03-03 10:53:10.154,SpO2,174275009149406723355661738,
2026-03-03 10:53:10.183,SpO2,77293881332028231909897098666,
2026-03-03 10:53:10.213,SpO2,69246155756688810,
2026-03-03 10:53:10.243,SpO2,325843287320346378589610,
2026-03-03 10:53:10.274,SpO2,214117374417568643981202858,
2026-03-03 10:53:10.363,SpO2,153661601520455276431365546,
2026-03-03 10:53:10.454,SpO2,98041513528245343373710762,
2026-03-03 10:53:10.603,SpO2,305976717463793076951537066,
2026-03-03 10:53:10.663,SpO2,271126318708106272021894570,
2026-03-03 10:53:10.753,SpO2,181632919396747310552536490,
2026-03-03 10:53:10.874,SpO2,52178223808147272904955306,
2026-03-03 10:53:10.963,SpO2,58241779119398401214469546,
2026-03-03 10:53:11.053,SpO2,17090948172235619727005098,
2026-03-03 10:53:11.204,SpO2,19470835543797686527284650,
2026-03-03 10:53:11.206,SpO2,37989285084716845231896483242,
2026-03-03 10:53:11.233,SpO2,69246155756688810,
2026-03-03 10:53:11.234,SpO2,325843287320346378589610,
2026-03-03 10:53:11.256,heartbeat,79,0.89453125
2026-03-03 10:53:11.263,SpO2,268514276677704075147433386,
2026-03-03 10:53:11.384,SpO2,268500072685332467769365930,
2026-03-03 10:53:11.473,SpO2,200946952693675379489985962,
2026-03-03 10:53:11.563,SpO2,208252973046242524972144042,
2026-03-03 10:53:11.653,SpO2,20746171198384702158230954,
2026-03-03 10:53:11.773,SpO2,53410798134800011146253738,
2026-03-03 10:53:11.864,SpO2,3821190950227978878932394,
2026-03-03 10:53:11.984,SpO2,250399371590367586827589034,
2026-03-03 10:53:12.104,SpO2,212922634071239180925490602,
2026-03-03 10:53:12.163,SpO2,212922634071239180925490602,
2026-03-03 10:53:12.223,SpO2,57486840721907765685313820074,
2026-03-03 10:53:12.224,SpO2,69246155756688810,
2026-03-03 10:53:12.246,heartbeat,78,0.8720703125
2026-03-03 10:53:12.254,SpO2,325843287320346378589610,
2026-03-03 10:53:12.254,SpO2,280793040081955505786803626,
2026-03-03 10:53:12.373,SpO2,93957352089229728597104042,
2026-03-03 10:53:12.524,SpO2,63058500554661628755269034,
2026-03-03 10:53:12.584,SpO2,261355539471072664696608170,
2026-03-03 10:53:12.673,SpO2,194812525354381263156237738,
2026-03-03 10:53:12.763,SpO2,179077470599303661165172138,
2026-03-03 10:53:12.884,SpO2,199629209460128514608944554,
2026-03-03 10:53:12.973,SpO2,290412260004999382097155498,
2026-03-03 10:53:13.063,SpO2,92210298356173781043467690,
2026-03-03 10:53:13.184,SpO2,304862720868891573974160810,
2026-03-03 10:53:13.187,SpO2,72032636183511265390355240362,
2026-03-03 10:53:13.214,SpO2,69246155756688810,
2026-03-03 10:53:13.236,heartbeat,77,0.8564453125
2026-03-03 10:53:13.243,SpO2,325843287320346378589610,
2026-03-03 10:53:13.273,SpO2,55842853911930036902909354,
2026-03-03 10:53:13.363,SpO2,164622547688014063772587434,
2026-03-03 10:53:13.484,SpO2,206892264812999866219189674,
2026-03-03 10:53:13.574,SpO2,92039533881193061705274794,
2026-03-03 10:53:13.693,SpO2,67969909196190188439557546,
2026-03-03 10:53:13.784,SpO2,34196063224063693614437802,
2026-03-03 10:53:13.874,SpO2,266191307966467447626618282,
2026-03-03 10:53:13.993,SpO2,66727945693113053592114602,
2026-03-03 10:53:14.085,SpO2,164622547688014063772587434,
2026-03-03 10:53:14.173,SpO2,157283675350054638613124522,
2026-03-03 10:53:14.203,SpO2,77293881332028231909897098666,
2026-03-03 10:53:14.226,heartbeat,75,0.822265625
2026-03-03 10:53:14.226,heartbeat,75,0.76953125
2026-03-03 10:53:14.263,SpO2,69246155756688810,
2026-03-03 10:53:14.264,SpO2,325843287320346378589610,
2026-03-03 10:53:14.323,SpO2,182666320900986811114804650,
2026-03-03 10:53:14.383,SpO2,53457984181888952428352938,
2026-03-03 10:53:14.473,SpO2,272416099574068779645097386,
2026-03-03 10:53:14.594,SpO2,181561815482999448290678186,
2026-03-03 10:53:14.684,SpO2,5077432739601543626446250,
2026-03-03 10:53:14.773,SpO2,180329120163859579020465578,
2026-03-03 10:53:14.894,SpO2,135537196142900322113639850,
2026-03-03 10:53:14.985,SpO2,221375651483867761095955882,
2026-03-03 10:53:15.134,SpO2,296494741966307343511541162,
2026-03-03 10:53:15.193,SpO2,53572118166741913787389354,
2026-03-03 10:53:15.194,SpO2,67080876007924970541886166442,
2026-03-03 10:53:15.216,heartbeat,75,0.748046875
2026-03-03 10:53:15.224,SpO2,69246155756688810,
2026-03-03 10:53:15.283,SpO2,325843287320346378589610,
2026-03-03 10:53:15.284,SpO2,306066905948471549831894442,
2026-03-03 10:53:15.373,SpO2,41345244366206704316011946,
2026-03-03 10:53:15.494,SpO2,235925485209433384437110186,
2026-03-03 10:53:15.584,SpO2,254016667277795775612933546,
2026-03-03 10:53:15.674,SpO2,13440391991632449787352490,
2026-03-03 10:53:15.794,SpO2,188980920120704824570238378,
2026-03-03 10:53:15.914,SpO2,93485652638210705920578986,
2026-03-03 10:53:16.003,SpO2,287985149586761752561800618,
2026-03-03 10:53:16.094,SpO2,82491408794913988924102058,
2026-03-03 10:53:16.206,heartbeat,76,0.712890625
2026-03-03 10:53:16.206,heartbeat,76,0.70703125
2026-03-03 10:53:16.214,SpO2,26838153340977015048590762,
2026-03-03 10:53:16.216,SpO2,65842935968640997641870595498,
2026-03-03 10:53:16.244,SpO2,69246155756688810,
2026-03-03 10:53:16.245,SpO2,325843287320346378589610,
2026-03-03 10:53:16.333,SpO2,280906635783309898476901802,
2026-03-03 10:53:16.393,SpO2,35660941235832070503093674,
2026-03-03 10:53:16.484,SpO2,231506924013417389968283050,
2026-03-03 10:53:16.603,SpO2,231506924013417389968283050,
2026-03-03 10:53:16.693,SpO2,80329805797311437742233002,
2026-03-03 10:53:16.784,SpO2,42691758049178939194037674,
2026-03-03 10:53:16.904,SpO2,45019486674000067003635114,
2026-03-03 10:53:17.023,SpO2,250532097794254960734459306,
2026-03-03 10:53:17.114,SpO2,289208242251072544562959786,
2026-03-03 10:53:17.196,heartbeat,77,0.693359375
2026-03-03 10:53:17.204,SpO2,19665119110814128929723818,
2026-03-03 10:53:17.205,SpO2,63057570880250017923254408618,
2026-03-03 10:53:17.233,SpO2,69246155756688810,
2026-03-03 10:53:17.263,SpO2,325843287320346378589610,
2026-03-03 10:53:17.323,SpO2,98278576324834157661214122,
2026-03-03 10:53:17.383,SpO2,193745807582413173688325546,
2026-03-03 10:53:17.504,SpO2,243302265823486987327198634,
2026-03-03 10:53:17.594,SpO2,167120957271376670613263786,
2026-03-03 10:53:17.684,SpO2,15986284651683481434150314,
2026-03-03 10:53:17.803,SpO2,2683322784243458686014890,
2026-03-03 10:53:17.894,SpO2,165930957593310139859817898,
2026-03-03 10:53:18.043,SpO2,155045940178674688707220906,
2026-03-03 10:53:18.103,SpO2,125998534309096741858661802,
2026-03-03 10:53:18.186,heartbeat,79,0.6962890625
2026-03-03 10:53:18.186,heartbeat,79,0.7080078125
2026-03-03 10:53:18.194,SpO2,215463767254295391394289066,
2026-03-03 10:53:18.223,SpO2,63057570880250017923254408618,
2026-03-03 10:53:18.254,SpO2,69246155756688810,
2026-03-03 10:53:18.283,SpO2,325843287320346378589610,
2026-03-03 10:53:18.343,SpO2,251712596891892428896687530,
2026-03-03 10:53:18.403,SpO2,180376473244409742079514026,
2026-03-03 10:53:18.524,SpO2,41354726282870088107251114,
2026-03-03 10:53:18.643,SpO2,233635562896097053760247210,
2026-03-03 10:53:18.703,SpO2,88547899584318563196818858,
2026-03-03 10:53:18.794,SpO2,289208242251072544562959786,
2026-03-03 10:53:18.944,SpO2,36538023584848503404189098,
2026-03-03 10:53:19.033,SpO2,121143867488226841124099498,
2026-03-03 10:53:19.093,SpO2,214226396121280289956648362,
2026-03-03 10:53:19.176,heartbeat,80,0.6982421875
2026-03-03 10:53:19.213,SpO2,5091692507658156220831146,
2026-03-03 10:53:19.214,SpO2,63057570880250017923254408618,
2026-03-03 10:53:19.243,SpO2,69246155756688810,
2026-03-03 10:53:19.272,SpO2,325843287320346378589610,
2026-03-03 10:53:19.303,SpO2,40240562326568124764083626,
2026-03-03 10:53:19.423,SpO2,25733545450012274431317418,
2026-03-03 10:53:19.514,SpO2,161104773342450270461711786,
2026-03-03 10:53:19.604,SpO2,302544371942509997783471530,
2026-03-03 10:53:19.724,SpO2,256576745556376359896307114,
2026-03-03 10:53:19.843,SpO2,118744960799842719048357290,
2026-03-03 10:53:19.903,SpO2,115103979275720807131600298,
2026-03-03 10:53:20.023,SpO2,234834932868526363252839850,
2026-03-03 10:53:20.114,SpO2,64438135074133822493644202,
2026-03-03 10:53:20.166,heartbeat,80,0.68359375
2026-03-03 10:53:20.233,SpO2,265065310496746417597404586,
2026-03-03 10:53:20.235,SpO2,68318816047213727416994190762,
2026-03-03 10:53:20.263,SpO2,69246155756688810,
2026-03-03 10:53:20.264,SpO2,325843287320346378589610,
2026-03-03 10:53:20.323,SpO2,272311707570503590679106986,
2026-03-03 10:53:20.413,SpO2,92162852535529766334191018,
2026-03-03 10:53:20.533,SpO2,266219706727551652993127850,
2026-03-03 10:53:20.624,SpO2,265001280617434883820574122,
2026-03-03 10:53:20.744,SpO2,132014699501918394195596714,
2026-03-03 10:53:20.803,SpO2,84956576404465132799743402,
2026-03-03 10:53:20.924,SpO2,273544411966911292193592746,
2026-03-03 10:53:21.013,SpO2,66775391804964921941120426,
2026-03-03 10:53:21.103,SpO2,193712602791169057270748586,
2026-03-03 10:53:21.156,heartbeat,82,0.6865234375
2026-03-03 10:53:21.156,heartbeat,82,0.71484375
2026-03-03 10:53:21.223,SpO2,308532110486402743122482602,
2026-03-03 10:53:21.225,SpO2,68318816047213727416994190762,
2026-03-03 10:53:21.284,SpO2,69246155756688810,
2026-03-03 10:53:21.285,SpO2,325843287320346378589610,
2026-03-03 10:53:21.313,SpO2,228728783590454445384619434,
2026-03-03 10:53:21.433,SpO2,72777334340800465123366314,
2026-03-03 10:53:21.523,SpO2,307313647121098083411121578,
2026-03-03 10:53:21.614,SpO2,169590921177932620024993194,
2026-03-03 10:53:21.734,SpO2,141148052802721818367448490,
2026-03-03 10:53:21.823,SpO2,37756394210053813907183018,
2026-03-03 10:53:21.913,SpO2,54676651836974121920452010,
2026-03-03 10:53:22.033,SpO2,11126877018012148344772010,
2026-03-03 10:53:22.123,SpO2,200918730406724214287455658,
2026-03-03 10:53:22.146,heartbeat,82,0.75390625
2026-03-03 10:53:22.213,SpO2,244430596588461814035994026,
2026-03-03 10:53:22.243,SpO2,36132375210260997332712510890,
2026-03-03 10:53:22.273,SpO2,69246155756688810,
2026-03-03 10:53:22.274,SpO2,325843287320346378589610,
2026-03-03 10:53:22.332,SpO2,196082989945417975576090026,
2026-03-03 10:53:22.424,SpO2,222778897836324949595215274,
2026-03-03 10:53:22.514,SpO2,229394896748740061751629226,
2026-03-03 10:53:22.634,SpO2,136878848094345830668916138,
2026-03-03 10:53:22.723,SpO2,255348856121586866182903210,
2026-03-03 10:53:22.844,SpO2,17162024344669595479528874,
2026-03-03 10:53:22.933,SpO2,92101183984707352432432554,
2026-03-03 10:53:23.024,SpO2,148915975067770785960514986,
2026-03-03 10:53:23.137,heartbeat,82,0.7607421875
2026-03-03 10:53:23.144,SpO2,292768647311975766241007018,
2026-03-03 10:53:23.233,SpO2,68007929020826432696178090,
2026-03-03 10:53:23.234,SpO2,27466794935262493182511764906,
2026-03-03 10:53:23.263,SpO2,69246155756688810,
2026-03-03 10:53:23.293,SpO2,325843287320346378589610,
2026-03-03 10:53:23.323,SpO2,32934987736971571297736106,
2026-03-03 10:53:23.474,SpO2,76413612162912172171548074,
2026-03-03 10:53:23.533,SpO2,119944423366840018696885674,
2026-03-03 10:53:23.623,SpO2,192451527303505188907603370,
2026-03-03 10:53:23.744,SpO2,17143042283314706696328618,
2026-03-03 10:53:23.833,SpO2,235953874675372732422509994,
2026-03-03 10:53:23.924,SpO2,274630000685445143029831082,
2026-03-03 10:53:24.044,SpO2,295271760451676481409471914,
2026-03-03 10:53:24.126,heartbeat,82,0.7802734375
2026-03-03 10:53:24.134,SpO2,126008034743852608397465002,
2026-03-03 10:53:24.223,SpO2,308522591605184277850838442,
2026-03-03 10:53:24.253,SpO2,75436971328442928092979090858,
2026-03-03 10:53:24.284,SpO2,69246155756688810,
2026-03-03 10:53:24.313,SpO2,325843287320346378589610,
2026-03-03 10:53:24.343,SpO2,277104761397657569172870570,
2026-03-03 10:53:24.433,SpO2,108993033482208506683545002,
2026-03-03 10:53:24.523,SpO2,255239778788283424485365162,
2026-03-03 10:53:24.644,SpO2,66628424351676368140850602,
2026-03-03 10:53:24.733,SpO2,286685979797559390860432810,
2026-03-03 10:53:24.884,SpO2,221660011367722884531180970,
2026-03-03 10:53:24.943,SpO2,211280047219222548627543466,
2026-03-03 10:53:25.033,SpO2,35314856662640586388362666,
2026-03-03 10:53:25.153,SpO2,40150596978414366535669162,
2026-03-03 10:53:25.244,SpO2,281869388648933093706519978,
2026-03-03 10:53:25.245,SpO2,54082505650768992451062355370,
2026-03-03 10:53:25.273,SpO2,69246155756688810,
2026-03-03 10:53:25.303,SpO2,325843287320346378589610,
2026-03-03 10:53:25.333,SpO2,27971224846270169074324906,
2026-03-03 10:53:25.453,SpO2,251598834157365985987745194,
2026-03-03 10:53:25.544,SpO2,87288980772247390831728042,
2026-03-03 10:53:25.664,SpO2,30654565785055880610272682,
2026-03-03 10:53:25.754,SpO2,266250606255076351438443946,
2026-03-03 10:53:25.844,SpO2,63139076872628235895002538,
2026-03-03 10:53:25.964,SpO2,183989083749051606208828842,
2026-03-03 10:53:26.053,SpO2,139182955735438167435597226,
2026-03-03 10:53:26.106,heartbeat,81,0.8046875
2026-03-03 10:53:26.106,heartbeat,81,0.8212890625
2026-03-03 10:53:26.108,heartbeat,80,0.80078125
2026-03-03 10:53:26.143,SpO2,33996890474130262438401450,
2026-03-03 10:53:26.263,SpO2,255216092807189739766502826,
2026-03-03 10:53:26.265,SpO2,54082505650768992451062355370,
2026-03-03 10:53:26.293,SpO2,69246155756688810,
2026-03-03 10:53:26.323,SpO2,325843287320346378589610,
2026-03-03 10:53:26.353,SpO2,222769230222156488785221034,
2026-03-03 10:53:26.443,SpO2,190194939921095777936430506,
2026-03-03 10:53:26.564,SpO2,71587446611563104592418218,
2026-03-03 10:53:26.654,SpO2,18408858512147924376311210,
2026-03-03 10:53:26.743,SpO2,203308211027040772849358250,
2026-03-03 10:53:26.863,SpO2,114990198094738362559583658,
2026-03-03 10:53:26.954,SpO2,281817201579597256926909866,
2026-03-03 10:53:27.043,SpO2,218943521775932125448459690,
2026-03-03 10:53:27.096,heartbeat,79,0.7822265625
2026-03-03 10:53:27.163,SpO2,92337967761280431259866538,
2026-03-03 10:53:27.253,SpO2,83800078982981958610408874,
2026-03-03 10:53:27.284,SpO2,6731299074316220641332647338,
2026-03-03 10:53:27.313,SpO2,69246155756688810,
2026-03-03 10:53:27.314,SpO2,325843287320346378589610,
2026-03-03 10:53:27.373,SpO2,86094463526272008409011626,
2026-03-03 10:53:27.463,SpO2,273506466434779301435889066,
2026-03-03 10:53:27.554,SpO2,3797542297800347759891882,
2026-03-03 10:53:27.673,SpO2,270936869275690536392414634,
2026-03-03 10:53:27.764,SpO2,107703475496878074045093290,
2026-03-03 10:53:27.853,SpO2,303729258976032326522197418,
2026-03-03 10:53:27.943,SpO2,46441770352574986795832746,
2026-03-03 10:53:28.064,SpO2,296490400512103923839882666,
2026-03-03 10:53:28.086,heartbeat,79,0.78125
2026-03-03 10:53:28.086,heartbeat,79,0.7763671875
2026-03-03 10:53:28.153,SpO2,198571917757081209678026154,
2026-03-03 10:53:28.274,SpO2,47399466713319115462759850,
2026-03-03 10:53:28.279,SpO2,6731299074316220641332647338,
2026-03-03 10:53:28.303,SpO2,69246155756688810,
2026-03-03 10:53:28.333,SpO2,325843287320346378589610,
2026-03-03 10:53:28.363,SpO2,173037619642555064734668202,
2026-03-03 10:53:28.453,SpO2,17067206560986089821001130,
2026-03-03 10:53:28.574,SpO2,3745318334127540584535466,
2026-03-03 10:53:28.664,SpO2,157572478944635202911032746,
2026-03-03 10:53:28.754,SpO2,48831251264236837950936490,
2026-03-03 10:53:28.874,SpO2,51087838900835745077876138,
2026-03-03 10:53:28.964,SpO2,304971686688543751629919658,
2026-03-03 10:53:29.076,heartbeat,79,0.771484375
2026-03-03 10:53:29.084,SpO2,3863914623116071568102826,
2026-03-03 10:53:29.204,SpO2,246786816933190145510692266,
2026-03-03 10:53:29.293,SpO2,181509563269353386829370794,
2026-03-03 10:53:29.295,SpO2,74818001216565391687074928042,
2026-03-03 10:53:29.354,SpO2,69246155756688810,
2026-03-03 10:53:29.355,SpO2,325843287320346378589610,
2026-03-03 10:53:29.383,SpO2,296352701243465119151642026,
2026-03-03 10:53:29.473,SpO2,1663827515692132273706410,
2026-03-03 10:53:29.564,SpO2,174488460404639509475448234,
2026-03-03 10:53:29.684,SpO2,71620539962204210982770090,
2026-03-03 10:53:29.774,SpO2,28118247782911074055968170,
2026-03-03 10:53:29.863,SpO2,147711846053811534005491114,
2026-03-03 10:53:29.954,SpO2,175412910949358382306730,
2026-03-03 10:53:30.066,heartbeat,78,0.7587890625
2026-03-03 10:53:30.074,SpO2,210509560428649736920061354,
2026-03-03 10:53:30.163,SpO2,93328869057376167838832042,
2026-03-03 10:53:30.284,SpO2,13776994429165321648559530,
2026-03-03 10:53:30.285,SpO2,3636448957656306255840368042,
2026-03-03 10:53:30.314,SpO2,69246155756688810,
2026-03-03 10:53:30.343,SpO2,325843287320346378589610,
2026-03-03 10:53:30.373,SpO2,214300000802324065343722922,
2026-03-03 10:53:30.463,SpO2,14805748587655846884758954,
2026-03-03 10:53:30.584,SpO2,22016746795554603912877482,
2026-03-03 10:53:30.673,SpO2,71502091898653098388706730,
2026-03-03 10:53:30.764,SpO2,164575101649212648461391274,
2026-03-03 10:53:30.914,SpO2,46100334144412742304355754,
2026-03-03 10:53:30.973,SpO2,232549677073075982432163242,
2026-03-03 10:53:31.055,heartbeat,78,0.7783203125
2026-03-03 10:53:31.055,heartbeat,78,0.7822265625
2026-03-03 10:53:31.093,SpO2,16128622695464984353133994,
2026-03-03 10:53:31.213,SpO2,152613847582242764080764330,
2026-03-03 10:53:31.273,SpO2,211870213032023523020723626,
2026-03-03 10:53:31.303,SpO2,3636448957656306255840368042,
2026-03-03 10:53:31.363,SpO2,69246155756688810,
2026-03-03 10:53:31.364,SpO2,325843287320346378589610,
2026-03-03 10:53:31.393,SpO2,179148639585594425140532650,
2026-03-03 10:53:31.484,SpO2,34030095264810329390929322,
2026-03-03 10:53:31.574,SpO2,153685324539997821086946730,
2026-03-03 10:53:31.694,SpO2,292806333141189708586374570,
2026-03-03 10:53:31.784,SpO2,180566145340721820626539946,
2026-03-03 10:53:31.874,SpO2,31756905742664902808393130,
2026-03-03 10:53:31.994,SpO2,132076293903784394674361770,
2026-03-03 10:53:32.045,heartbeat,78,0.7607421875
2026-03-03 10:53:32.113,SpO2,65557021396638280016942506,
2026-03-03 10:53:32.173,SpO2,95718516783494116703950250,
2026-03-03 10:53:32.294,SpO2,94495331123760882850420138,
2026-03-03 10:53:32.295,SpO2,18801214438902215722866267562,
2026-03-03 10:53:32.323,SpO2,69246155756688810,
2026-03-03 10:53:32.353,SpO2,325843287320346378589610,
2026-03-03 10:53:32.383,SpO2,38865798470925379028604330,
2026-03-03 10:53:32.473,SpO2,180504272501823139967096234,
2026-03-03 10:53:32.593,SpO2,203502587261815296422270378,
2026-03-03 10:53:32.685,SpO2,175588216114259600771863978,
2026-03-03 10:53:32.833,SpO2,127250127953143281421866410,
2026-03-03 10:53:32.893,SpO2,261374558789316388506785194,
2026-03-03 10:53:33.014,SpO2,250456262217172929399969194,
2026-03-03 10:53:33.036,heartbeat,78,0.751953125
2026-03-03 10:53:33.073,SpO2,3825913244087005997913514,
2026-03-03 10:53:33.193,SpO2,63077389730662886207870378,
2026-03-03 10:53:33.314,SpO2,300240189715864971413247402,
2026-03-03 10:53:33.315,SpO2,35513404969255130908981155242,
2026-03-03 10:53:33.343,SpO2,69246155756688810,
2026-03-03 10:53:33.344,SpO2,325843287320346378589610,
2026-03-03 10:53:33.373,SpO2,198000826817503995267863978,
2026-03-03 10:53:33.494,SpO2,292863427985435392413226410,
2026-03-03 10:53:33.584,SpO2,71625354849923142769399210,
2026-03-03 10:53:33.703,SpO2,44962595902512188355466666,
2026-03-03 10:53:33.794,SpO2,107798274616514425926931882,
2026-03-03 10:53:33.884,SpO2,88436497960974861560927658,
2026-03-03 10:53:34.026,heartbeat,78,0.76171875
2026-03-03 10:53:34.034,SpO2,88630632577594192334640554,
2026-03-03 10:53:34.093,SpO2,83837913108694755848443306,
2026-03-03 10:53:34.183,SpO2,291668799225099560948815274,
2026-03-03 10:53:34.304,SpO2,54728801433249441070929322,
2026-03-03 10:53:34.306,SpO2,35513404969255130908981155242,
2026-03-03 10:53:34.334,SpO2,69246155756688810,
2026-03-03 10:53:34.363,SpO2,325843287320346378589610,
2026-03-03 10:53:34.423,SpO2,184022251429503395628537258,
2026-03-03 10:53:34.483,SpO2,261360299020975002400806314,
2026-03-03 10:53:34.604,SpO2,40107910489510890882160042,
2026-03-03 10:53:34.694,SpO2,214273637942642463525000618,
2026-03-03 10:53:34.784,SpO2,180570867635716643257013674,
2026-03-03 10:53:34.903,SpO2,74083532013538091039937962,
2026-03-03 10:53:35.016,heartbeat,78,0.759765625
2026-03-03 10:53:35.016,heartbeat,78,0.7646484375
2026-03-03 10:53:35.024,SpO2,291678225040115622841636266,
2026-03-03 10:53:35.114,SpO2,22054636913696934527456682,
2026-03-03 10:53:35.204,SpO2,162237882103641599537796522,
2026-03-03 10:53:35.294,SpO2,200909267154674232761210282,
2026-03-03 10:53:35.355,SpO2,59343750725498982675766007210,
2026-03-03 10:53:35.356,SpO2,69246155756688810,
2026-03-03 10:53:35.383,SpO2,325843287320346378589610,
2026-03-03 10:53:35.413,SpO2,14720431239435193741694378,
2026-03-03 10:53:35.503,SpO2,185368476795332618200503722,
2026-03-03 10:53:35.593,SpO2,37860786433193673963296170,
2026-03-03 10:53:35.744,SpO2,199780918016290558892266922,
2026-03-03 10:53:35.803,SpO2,284419966346800941398709674,
2026-03-03 10:53:35.894,SpO2,47399411156350062755272106,
2026-03-03 10:53:36.007,heartbeat,79,0.7451171875
2026-03-03 10:53:36.014,SpO2,298841721795510276950283690,
2026-03-03 10:53:36.104,SpO2,66713760219825688449865130,
2026-03-03 10:53:36.224,SpO2,289227057205777220066301354,
2026-03-03 10:53:36.314,SpO2,40316509235171717045769642,
2026-03-03 10:53:36.316,SpO2,53463535538893707844971877802,
2026-03-03 10:53:36.344,SpO2,69246155756688810,
2026-03-03 10:53:36.373,SpO2,325843287320346378589610,
2026-03-03 10:53:36.403,SpO2,76480031112743593914095018,
2026-03-03 10:53:36.523,SpO2,192541566873243601131754922,
2026-03-03 10:53:36.613,SpO2,84909297763087477315163562,
2026-03-03 10:53:36.703,SpO2,2650173696350776028255658,
2026-03-03 10:53:36.823,SpO2,66713760219825688449865130,
2026-03-03 10:53:36.913,SpO2,248047836719202425090561450,
2026-03-03 10:53:36.996,heartbeat,79,0.7421875
2026-03-03 10:53:37.004,SpO2,267561228464415626176189866,
2026-03-03 10:53:37.124,SpO2,71687004954286256473200042,
2026-03-03 10:53:37.214,SpO2,190104770429124977049425322,
2026-03-03 10:53:37.304,SpO2,49874153204229462098400682,
2026-03-03 10:53:37.333,SpO2,70485211115961174772253939114,
2026-03-03 10:53:37.363,SpO2,69246155756688810,
2026-03-03 10:53:37.364,SpO2,325843287320346378589610,
2026-03-03 10:53:37.423,SpO2,25643487215948531988649386,
2026-03-03 10:53:37.513,SpO2,284329871074850189461116330,
2026-03-03 10:53:37.604,SpO2,40107910489510890882160042,
2026-03-03 10:53:37.754,SpO2,49831318200667531927049642,
2026-03-03 10:53:37.814,SpO2,134603204138788479348725162,
2026-03-03 10:53:37.934,SpO2,93426326535664073073186218,
2026-03-03 10:53:37.985,heartbeat,79,0.74609375
2026-03-03 10:53:37.985,heartbeat,79,0.7529296875
2026-03-03 10:53:38.023,SpO2,65594874115197156551775658,
2026-03-03 10:53:38.113,SpO2,219100063667689672204572074,
2026-03-03 10:53:38.234,SpO2,170690862623065706289124778,
2026-03-03 10:53:38.324,SpO2,13525746522700824942957994,
2026-03-03 10:53:38.326,SpO2,65842935968640997641870595498,
2026-03-03 10:53:38.354,SpO2,69246155756688810,
2026-03-03 10:53:38.383,SpO2,325843287320346378589610,
2026-03-03 10:53:38.413,SpO2,203293951114584198667523498,
2026-03-03 10:53:38.534,SpO2,190099862218612812333143466,
2026-03-03 10:53:38.624,SpO2,228871028675131475028301226,
2026-03-03 10:53:38.744,SpO2,90958695562093729709774250,
2026-03-03 10:53:38.833,SpO2,191304214331367037432976810,
2026-03-03 10:53:38.924,SpO2,219066895988086705761506730,
2026-03-03 10:53:38.976,heartbeat,79,0.75390625
2026-03-03 10:53:39.013,SpO2,139235105331711287562818986,
2026-03-03 10:53:39.133,SpO2,308475219714634489009231274,
2026-03-03 10:53:39.224,SpO2,258885556755221876455724458,
2026-03-03 10:53:39.313,SpO2,168353401530259064069510570,
2026-03-03 10:53:39.343,SpO2,43250530270129551698671130026,
2026-03-03 10:53:39.374,SpO2,69246155756688810,
2026-03-03 10:53:39.375,SpO2,325843287320346378589610,
2026-03-03 10:53:39.463,SpO2,2768751391924780203464106,
2026-03-03 10:53:39.523,SpO2,15972080768250386624501162,
2026-03-03 10:53:39.614,SpO2,84895056296527253377865130,
2026-03-03 10:53:39.733,SpO2,135617809788683060364924330,
2026-03-03 10:53:39.824,SpO2,268566426636529059905885610,
2026-03-03 10:53:39.944,SpO2,280641480550376821681509802,
2026-03-03 10:53:39.967,heartbeat,79,0.76953125
2026-03-03 10:53:40.033,SpO2,145251177856912297682752938,
2026-03-03 10:53:40.124,SpO2,82567188379001337905370538,
2026-03-03 10:53:40.243,SpO2,225758674702178119989548458,
2026-03-03 10:53:40.334,SpO2,158615789900773028172617130,
2026-03-03 10:53:40.335,SpO2,47273835397806756117116573098,
2026-03-03 10:53:40.363,SpO2,69246155756688810,
2026-03-03 10:53:40.423,SpO2,325843287320346378589610,
2026-03-03 10:53:40.424,SpO2,2664414799226638357714346,
2026-03-03 10:53:40.544,SpO2,130748938758281408696767914,
2026-03-03 10:53:40.634,SpO2,42478334753702213697099178,
2026-03-03 10:53:40.724,SpO2,187535228970122096231273898,
2026-03-03 10:53:40.844,SpO2,215458840597750536991626666,
2026-03-03 10:53:40.933,SpO2,174440939998154733116151210,
2026-03-03 10:53:40.957,heartbeat,79,0.779296875
2026-03-03 10:53:40.957,heartbeat,79,0.7822265625
2026-03-03 10:53:41.084,SpO2,106655749155449744244299178,
2026-03-03 10:53:41.174,SpO2,214250100548550700385129898,
2026-03-03 10:53:41.233,SpO2,75176278212883331211548074,
2026-03-03 10:53:41.324,SpO2,221413597233020257432458666,
2026-03-03 10:53:41.354,SpO2,26538339739776355037579531690,
2026-03-03 10:53:41.384,SpO2,69246155756688810,
2026-03-03 10:53:41.385,SpO2,325843287320346378589610,
2026-03-03 10:53:41.443,SpO2,8637912022369794765313450,
2026-03-03 10:53:41.533,SpO2,162176157850601348364457386,
2026-03-03 10:53:41.623,SpO2,204668640603108732331578794,
2026-03-03 10:53:41.774,SpO2,285005540153511216524776874,
2026-03-03 10:53:41.834,SpO2,222707821809994078941566378,
2026-03-03 10:53:41.923,SpO2,89716592693122815696524714,
2026-03-03 10:53:41.947,heartbeat,79,0.7666015625
2026-03-03 10:53:42.043,SpO2,36433761431035896598058410,
2026-03-03 10:53:42.133,SpO2,32792705467743676130088362,
2026-03-03 10:53:42.224,SpO2,278166738501646400338482602,
2026-03-03 10:53:42.343,SpO2,48707579369448733517239722,
2026-03-03 10:53:42.345,SpO2,35513404969255130908981155242,
2026-03-03 10:53:42.404,SpO2,69246155756688810,
2026-03-03 10:53:42.405,SpO2,325843287320346378589610,
2026-03-03 10:53:42.434,SpO2,164835961541674379277981098,
2026-03-03 10:53:42.554,SpO2,271074392394736949064062378,
2026-03-03 10:53:42.643,SpO2,201004066129060700567328170,
2026-03-03 10:53:42.733,SpO2,3835487901420385532335530,
2026-03-03 10:53:42.854,SpO2,111377624701169200893220266,
2026-03-03 10:53:42.936,heartbeat,79,0.7646484375
2026-03-03 10:53:42.944,SpO2,233460206050199980477470122,
2026-03-03 10:53:43.033,SpO2,147834718799359315031315882,
2026-03-03 10:53:43.155,SpO2,168533815027701258967274922,
2026-03-03 10:53:43.243,SpO2,292901475843873208353641898,
2026-03-03 10:53:43.334,SpO2,155112275320011293037909418,
2026-03-03 10:53:43.363,SpO2,35513404969255130908981155242,
2026-03-03 10:53:43.393,SpO2,69246155756688810,
2026-03-03 10:53:43.394,SpO2,325843287320346378589610,
2026-03-03 10:53:43.454,SpO2,100606425650934562859996586,
2026-03-03 10:53:43.544,SpO2,214183765334875027039802794,
2026-03-03 10:53:43.664,SpO2,281864629026411311522600362,
2026-03-03 10:53:43.754,SpO2,266375765890223319253210538,
2026-03-03 10:53:43.874,SpO2,265356846962042066674079146,
2026-03-03 10:53:43.926,heartbeat,79,0.751953125
2026-03-03 10:53:43.926,heartbeat,79,0.734375
2026-03-03 10:53:43.963,SpO2,62861772177176620096771498,
2026-03-03 10:53:44.055,SpO2,231506924013417389968283050,
2026-03-03 10:53:44.144,SpO2,201255425877410369019794858,
2026-03-03 10:53:44.294,SpO2,152784593538286575741261226,
2026-03-03 10:53:44.354,SpO2,151424015083588827598509482,
2026-03-03 10:53:44.355,SpO2,53463535538893707844971877802,
2026-03-03 10:53:44.383,SpO2,69246155756688810,
2026-03-03 10:53:44.413,SpO2,325843287320346378589610,
2026-03-03 10:53:44.444,SpO2,250565191325182988731241898,
2026-03-03 10:53:44.563,SpO2,219232770989373591244461482,
2026-03-03 10:53:44.654,SpO2,118823231999621267268261290,
2026-03-03 10:53:44.773,SpO2,134508405238164948115215786,
2026-03-03 10:53:44.863,SpO2,170766716791289573897360810,
2026-03-03 10:53:44.915,heartbeat,79,0.71875
2026-03-03 10:53:44.953,SpO2,272278558482608708998092202,
2026-03-03 10:53:45.043,SpO2,81258778692711485396702634,
2026-03-03 10:53:45.164,SpO2,281945168451459318266418602,
2026-03-03 10:53:45.254,SpO2,271211747534227568629601706,
2026-03-03 10:53:45.344,SpO2,176887237241567905879905706,
2026-03-03 10:53:45.373,SpO2,14777909311226137204327667114,
2026-03-03 10:53:45.403,SpO2,69246155756688810,
2026-03-03 10:53:45.405,SpO2,325843287320346378589610,
2026-03-03 10:53:45.463,SpO2,144198775482456277089473962,
2026-03-03 10:53:45.554,SpO2,133304257559020547848754602,
2026-03-03 10:53:45.643,SpO2,174360308051732125765817770,
2026-03-03 10:53:45.763,SpO2,204559749041637353690453418,
2026-03-03 10:53:45.884,SpO2,136845661967431442516366762,
2026-03-03 10:53:45.907,heartbeat,79,0.71484375
2026-03-03 10:53:45.943,SpO2,58379134731798867491116458,
2026-03-03 10:53:46.063,SpO2,109177890907681421534385578,
2026-03-03 10:53:46.155,SpO2,14820045538985692491634090,
2026-03-03 10:53:46.304,SpO2,271102818789056346464409002,
2026-03-03 10:53:46.364,SpO2,206987101043708920563979690,
2026-03-03 10:53:46.365,SpO2,70175726069247185981040186794,
2026-03-03 10:53:46.393,SpO2,69246155756688810,
2026-03-03 10:53:46.423,SpO2,325843287320346378589610,
2026-03-03 10:53:46.453,SpO2,190043138916043337596097962,
2026-03-03 10:53:46.574,SpO2,182770638975171357259552170,
2026-03-03 10:53:46.694,SpO2,46152520923819457467340202,
2026-03-03 10:53:46.784,SpO2,163560440442637086784181674,
2026-03-03 10:53:46.874,SpO2,210685010377481698042402218,
2026-03-03 10:53:46.963,SpO2,135679422709771841544607146,
2026-03-03 10:53:47.084,SpO2,252940486181434237557626282,
2026-03-03 10:53:47.174,SpO2,197291989986615059723277738,
2026-03-03 10:53:47.264,SpO2,8680579992757475694564778,
2026-03-03 10:53:47.354,SpO2,98126849540794625270175146,
2026-03-03 10:53:47.384,SpO2,70175726069247185981040186794,
2026-03-03 10:53:47.413,SpO2,69246155756688810,
2026-03-03 10:53:47.414,SpO2,325843287320346378589610,
2026-03-03 10:53:47.473,SpO2,171857120327328643482080682,
2026-03-03 10:53:47.564,SpO2,65518945724538712459531690,
2026-03-03 10:53:47.714,SpO2,8789601695333326158517674,
2026-03-03 10:53:47.773,SpO2,262595327635646844792427946,
2026-03-03 10:53:47.863,SpO2,255320392217044557646222762,
2026-03-03 10:53:47.887,heartbeat,80,0.7275390625
2026-03-03 10:53:47.887,heartbeat,80,0.73046875
2026-03-03 10:53:47.888,heartbeat,80,0.7392578125
2026-03-03 10:53:48.021,SpO2,221456283721641158597629354,
2026-03-03 10:53:48.073,SpO2,168206657104981123841086890,
2026-03-03 10:53:48.163,SpO2,221366206896431181834704298,
2026-03-03 10:53:48.284,SpO2,121001640848875515190138282,
2026-03-03 10:53:48.373,SpO2,272126794441960717045159338,
2026-03-03 10:53:48.403,SpO2,30252159802293109165590009258,
2026-03-03 10:53:48.433,SpO2,69246155756688810,
2026-03-03 10:53:48.435,SpO2,325843287320346378589610,
2026-03-03 10:53:48.463,SpO2,209419007941645108195055018,
2026-03-03 10:53:48.613,SpO2,231217748584679528475874730,
2026-03-03 10:53:48.683,SpO2,67979558255533682041247146,
2026-03-03 10:53:48.765,SpO2,211851212451870265024927146,
2026-03-03 10:53:48.884,SpO2,278318446767171237516891562,
2026-03-03 10:53:48.974,SpO2,139282477148646573901567402,
2026-03-03 10:53:49.064,SpO2,228728783590454445384619434,
2026-03-03 10:53:49.183,SpO2,254097262332151904078878122,
2026-03-03 10:53:49.274,SpO2,93381111610489866799764906,
2026-03-03 10:53:49.393,SpO2,7618603033443484023346602,
2026-03-03 10:53:49.395,SpO2,67699846064462838776126723498,
2026-03-03 10:53:49.423,SpO2,69246155756688810,
2026-03-03 10:53:49.453,SpO2,325843287320346378589610,
2026-03-03 10:53:49.490,SpO2,197348880794415409390376362,
2026-03-03 10:53:49.574,SpO2,257828283426292603684869546,
2026-03-03 10:53:49.694,SpO2,107916796755688924417840554,
2026-03-03 10:53:49.785,SpO2,252978413266253707094218154,
2026-03-03 10:53:49.867,heartbeat,80,0.7890625
2026-03-03 10:53:49.869,heartbeat,80,0.861328125
2026-03-03 10:53:49.903,SpO2,256576745556376359896307114,
2026-03-03 10:53:49.995,SpO2,291588241027064788348261802,
2026-03-03 10:53:50.084,SpO2,50983446278827151325091242,
2026-03-03 10:53:50.203,SpO2,267442855057766711735309738,
2026-03-03 10:53:50.324,SpO2,241918038788420301614962090,
2026-03-03 10:53:50.384,SpO2,24221203099637142457898410,
2026-03-03 10:53:50.414,SpO2,42012590249290072172063053226,
2026-03-03 10:53:50.443,SpO2,69246155756688810,
2026-03-03 10:53:50.444,SpO2,325843287320346378589610,
2026-03-03 10:53:50.504,SpO2,95509936265000494136513962,
2026-03-03 10:53:50.624,SpO2,48357032784585175696627114,
2026-03-03 10:53:50.684,SpO2,48357032784585175696627114,
2026-03-03 10:53:50.775,SpO2,48357032784585175696627114,
2026-03-03 10:53:50.856,heartbeat,79,0.84765625
2026-03-03 10:53:50.856,heartbeat,79,0.8251953125
2026-03-03 10:53:50.893,SpO2,244217182661603710934668714,
2026-03-03 10:53:50.983,SpO2,200861802305436685551228330,
2026-03-03 10:53:51.104,SpO2,257010592288549533503149482,
2026-03-03 10:53:51.194,SpO2,152405248326368960210490794,
2026-03-03 10:53:51.284,SpO2,77442384402607533393401258,
2026-03-03 10:53:51.434,SpO2,141472803319390294433027498,
2026-03-03 10:53:51.437,SpO2,66461906025175488176390624682,
2026-03-03 10:53:51.494,SpO2,69246155756688810,
2026-03-03 10:53:51.496,SpO2,325843287320346378589610,
2026-03-03 10:53:51.553,SpO2,291370086069677761336661418,
2026-03-03 10:53:51.583,SpO2,82225900829036591914636714,
2026-03-03 10:53:51.735,SpO2,146455251095184345398203818,
2026-03-03 10:53:51.794,SpO2,90897036088539148052288938,
2026-03-03 10:53:51.944,SpO2,2616968869643011568391594,
2026-03-03 10:53:52.003,SpO2,158568399563335129598219690,
2026-03-03 10:53:52.093,SpO2,158554195498059304228836778,
2026-03-03 10:53:52.184,SpO2,198434506369556489115227562,
2026-03-03 10:53:52.304,SpO2,81163960909029079249802666,
2026-03-03 10:53:52.394,SpO2,21940781294104932334392746,
2026-03-03 10:53:52.425,SpO2,15706364432921640979236083114,
2026-03-03 10:53:52.453,SpO2,69246155756688810,
2026-03-03 10:53:52.455,SpO2,325843287320346378589610,
2026-03-03 10:53:52.544,SpO2,249294689404913974223263146,
2026-03-03 10:53:52.604,SpO2,209980970206718979688322474,
2026-03-03 10:53:52.724,SpO2,136817216581690801727165866,
2026-03-03 10:53:52.815,SpO2,112633959375886501366683050,
2026-03-03 10:53:52.837,heartbeat,78,0.849609375
2026-03-03 10:53:52.839,heartbeat,77,0.7919921875
2026-03-03 10:53:52.903,SpO2,133162012400867554167313834,
2026-03-03 10:53:52.993,SpO2,220199911936128232591414698,
2026-03-03 10:53:53.144,SpO2,283059313742579431833032106,
2026-03-03 10:53:53.204,SpO2,18356634621667407238747562,
2026-03-03 10:53:53.293,SpO2,165874122813118198099957162,
2026-03-03 10:53:53.414,SpO2,219033672786413185676563882,
2026-03-03 10:53:53.417,SpO2,15706364432921640979236083114,
2026-03-03 10:53:53.444,SpO2,69246155756688810,
2026-03-03 10:53:53.473,SpO2,325843287320346378589610,
2026-03-03 10:53:53.504,SpO2,235953874675372732422509994,
2026-03-03 10:53:53.593,SpO2,249237854625857827974895018,
2026-03-03 10:53:53.714,SpO2,211742190675535876034876842,
2026-03-03 10:53:53.804,SpO2,263721241514031001942054314,
2026-03-03 10:53:53.826,heartbeat,77,0.771484375
2026-03-03 10:53:53.893,SpO2,72725147561111175472043434,
2026-03-03 10:53:54.014,SpO2,187644232009220339941725610,
2026-03-03 10:53:54.104,SpO2,252895457173335381346571690,
2026-03-03 10:53:54.194,SpO2,181547490426515223915484586,
2026-03-03 10:53:54.314,SpO2,61859093398816149738575274,
2026-03-03 10:53:54.404,SpO2,88403330425772956216939946,
2026-03-03 10:53:54.433,SpO2,15706364432921640979236083114,
2026-03-03 10:53:54.464,SpO2,69246155756688810,
2026-03-03 10:53:54.466,SpO2,325843287320346378589610,
2026-03-03 10:53:54.553,SpO2,299951107464959630332876202,
2026-03-03 10:53:54.613,SpO2,263692759018062083620033962,
2026-03-03 10:53:54.704,SpO2,31692745576431665133082026,
2026-03-03 10:53:54.817,heartbeat,77,0.7607421875
2026-03-03 10:53:54.817,heartbeat,77,0.7587890625
2026-03-03 10:53:54.853,SpO2,290379296688364817426109866,
2026-03-03 10:53:54.913,SpO2,147678604007802839025800618,
2026-03-03 10:53:55.005,SpO2,202085006702696335754089898,
2026-03-03 10:53:55.124,SpO2,123476383259589353652835754,
2026-03-03 10:53:55.214,SpO2,44877241297689672720274858,
2026-03-03 10:53:55.334,SpO2,140387066447617356733568426,
2026-03-03 10:53:55.425,SpO2,280736186711190175264757162,
2026-03-03 10:53:55.427,SpO2,15706364432921640979236083114,
2026-03-03 10:53:55.453,SpO2,69246155756688810,
2026-03-03 10:53:55.513,SpO2,325843287320346378589610,
2026-03-03 10:53:55.514,SpO2,133233162794881785869063594,
2026-03-03 10:53:55.604,SpO2,202094488547443962507384234,
2026-03-03 10:53:55.725,SpO2,49769835202386183991547306,
2026-03-03 10:53:55.814,SpO2,19508781291816586375550378,
2026-03-03 10:53:55.904,SpO2,218967300207480811270657450,
2026-03-03 10:53:56.025,SpO2,164570342172220026306647466,
2026-03-03 10:53:56.144,SpO2,239627967959008245932053930,
2026-03-03 10:53:56.203,SpO2,78836223278705243140871594,
2026-03-03 10:53:56.302,heartbeat,77,0.7451171875
2026-03-03 10:53:56.324,SpO2,243197947967597280737842602,
2026-03-03 10:53:56.413,SpO2,171876083869030842517902762,
2026-03-03 10:53:56.444,SpO2,79150791446297661542792910250,
2026-03-03 10:53:56.504,SpO2,69246155756688810,
2026-03-03 10:53:56.505,SpO2,325843287320346378589610,
2026-03-03 10:53:56.534,SpO2,243169539619598513908700586,
2026-03-03 10:53:56.653,SpO2,17086151656509364123948458,
2026-03-03 10:53:56.713,SpO2,286686054090914666359248298,
2026-03-03 10:53:56.833,SpO2,261398114555545963365094826,
2026-03-03 10:53:56.924,SpO2,22011987462676070322361770,
2026-03-03 10:53:57.044,SpO2,52173464258530808223978922,
2026-03-03 10:53:57.134,SpO2,57013908349222309766059434,
2026-03-03 10:53:57.224,SpO2,215350004665016633537811882,
2026-03-03 10:53:57.291,heartbeat,78,0.7265625
2026-03-03 10:53:57.291,heartbeat,78,0.71484375
2026-03-03 10:53:57.314,SpO2,266105925401318224833762730,
2026-03-03 10:53:57.434,SpO2,137983400209899344465188266,
2026-03-03 10:53:57.436,SpO2,79150791464744967466944255402,
2026-03-03 10:53:57.464,SpO2,69246155756688810,
2026-03-03 10:53:57.494,SpO2,325843287320346378589610,
2026-03-03 10:53:57.523,SpO2,97012685438959103851320746,
2026-03-03 10:53:57.613,SpO2,297033129726777500332152234,
2026-03-03 10:53:57.764,SpO2,15915134402633260784899498,
2026-03-03 10:53:57.823,SpO2,217815265086726919683003818,
2026-03-03 10:53:57.913,SpO2,40055779339980744952862122,
2026-03-03 10:53:58.034,SpO2,96861033022034484996822442,
2026-03-03 10:53:58.125,SpO2,87236942435440436637029802,
2026-03-03 10:53:58.244,SpO2,248147395025044658440852906,
2026-03-03 10:53:58.281,heartbeat,78,0.705078125
2026-03-03 10:53:58.333,SpO2,225104404715289767297635754,
2026-03-03 10:53:58.424,SpO2,78807722191031538591684010,
2026-03-03 10:53:58.454,SpO2,50368685551361001975446459818,
2026-03-03 10:53:58.513,SpO2,69246155756688810,
2026-03-03 10:53:58.515,SpO2,325843287320346378589610,
2026-03-03 10:53:58.544,SpO2,202099248023444825173874090,
2026-03-03 10:53:58.633,SpO2,226235096373860581212378538,
2026-03-03 10:53:58.724,SpO2,137978733545632113068299690,
2026-03-03 10:53:58.874,SpO2,142880697817032671116613034,
2026-03-03 10:53:58.934,SpO2,173175086441509782371128746,
2026-03-03 10:53:59.023,SpO2,55828733437140062413215146,
2026-03-03 10:53:59.144,SpO2,242003226067588579414988202,
2026-03-03 10:53:59.234,SpO2,203293951114584198667523498,
2026-03-03 10:53:59.271,heartbeat,80,0.693359375
2026-03-03 10:53:59.271,heartbeat,80,0.689453125
2026-03-03 10:53:59.323,SpO2,273383166300378960554317226,
2026-03-03 10:53:59.444,SpO2,273349998693116162637518250,
2026-03-03 10:53:59.474,SpO2,58415295769823892989755217322,
2026-03-03 10:53:59.504,SpO2,69246155756688810,
2026-03-03 10:53:59.505,SpO2,325843287320346378589610,
2026-03-03 10:53:59.534,SpO2,294024833253884908176102826,
2026-03-03 10:53:59.655,SpO2,135707905059779491767735722,
2026-03-03 10:53:59.744,SpO2,138026179693939388947846570,
2026-03-03 10:53:59.864,SpO2,240799059652341630357165482,
2026-03-03 10:53:59.954,SpO2,254049872141093088021927338,
2026-03-03 10:54:00.043,SpO2,245558927426058284247766442,
2026-03-03 10:54:00.134,SpO2,63015813920222396002817450,
2026-03-03 10:54:00.261,heartbeat,80,0.6865234375
2026-03-03 10:54:00.284,SpO2,168348716201378430407628202,
2026-03-03 10:54:00.343,SpO2,9960693461855702086538666,
2026-03-03 10:54:00.463,SpO2,11098413258292013860607402,
2026-03-03 10:54:00.465,SpO2,58415295769823892989755217322,
2026-03-03 10:54:00.493,SpO2,69246155756688810,
2026-03-03 10:54:00.523,SpO2,325843287320346378589610,
2026-03-03 10:54:00.553,SpO2,11103172516986497925076394,
2026-03-03 10:54:00.643,SpO2,9842097101947571599791530,
2026-03-03 10:54:00.734,SpO2,63015851030732148512347562,
2026-03-03 10:54:00.854,SpO2,227467578250766403838629290,
2026-03-03 10:54:00.944,SpO2,286880411371146666050540970,
2026-03-03 10:54:01.034,SpO2,66161502971627444380849578,
2026-03-03 10:54:01.154,SpO2,211799044192117339120948650,
2026-03-03 10:54:01.243,SpO2,278280538201433811192862122,
2026-03-03 10:54:01.252,heartbeat,82,0.68359375
2026-03-03 10:54:01.252,heartbeat,82,0.685546875
2026-03-03 10:54:01.334,SpO2,199643469372587287814034858,
2026-03-03 10:54:01.455,SpO2,89616959947538527748576682,
2026-03-03 10:54:01.458,SpO2,21896064610905457454719391146,
2026-03-03 10:54:01.484,SpO2,69246155756688810,
2026-03-03 10:54:01.543,SpO2,325843287320346378589610,
2026-03-03 10:54:01.544,SpO2,269832094422479942129243562,
2026-03-03 10:54:01.664,SpO2,2787640494738145664783786,
2026-03-03 10:54:01.754,SpO2,113899859485133592031352234,
2026-03-03 10:54:01.874,SpO2,268632780298081303937373610,
2026-03-03 10:54:01.994,SpO2,105380478752121349817193898,
2026-03-03 10:54:02.054,SpO2,114975975438318501893199274,
2026-03-03 10:54:02.143,SpO2,204417522402283828733236650,
2026-03-03 10:54:02.241,heartbeat,82,0.6787109375
2026-03-03 10:54:02.264,SpO2,193688638298997181310260650,
2026-03-03 10:54:02.354,SpO2,279693340255543860810175914,
2026-03-03 10:54:02.444,SpO2,75204807189398994438542762,
2026-03-03 10:54:02.504,SpO2,36751345026990070007356937642,
2026-03-03 10:54:02.505,SpO2,69246155756688810,
2026-03-03 10:54:02.533,SpO2,325843287320346378589610,
2026-03-03 10:54:02.563,SpO2,101796257858667618237371818,
2026-03-03 10:54:02.653,SpO2,23154559404286397398341034,
2026-03-03 10:54:02.774,SpO2,100468865602376703308420522,
2026-03-03 10:54:02.894,SpO2,7367336243922311427610026,
2026-03-03 10:54:02.954,SpO2,303710369582441016467609002,
2026-03-03 10:54:03.043,SpO2,301458745894738347300967850,
2026-03-03 10:54:03.164,SpO2,261365160825410344761382314,
2026-03-03 10:54:03.232,heartbeat,83,0.677734375
2026-03-03 10:54:03.254,SpO2,165883548737640120561128874,
2026-03-03 10:54:03.344,SpO2,153737511464651121790768554,
2026-03-03 10:54:03.464,SpO2,291479145246734698452833706,
2026-03-03 10:54:03.466,SpO2,36751345026990070007356937642,
2026-03-03 10:54:03.494,SpO2,69246155756688810,
2026-03-03 10:54:03.523,SpO2,325843287320346378589610,
2026-03-03 10:54:03.553,SpO2,227387076008850892618945962,
2026-03-03 10:54:03.673,SpO2,138101736432850614405256618,
2026-03-03 10:54:03.764,SpO2,124965076665338340890858922,
2026-03-03 10:54:03.853,SpO2,186435464364796527785235882,
2026-03-03 10:54:03.974,SpO2,277109465172717127567627690,
2026-03-03 10:54:04.064,SpO2,61859149246279473039365546,
2026-03-03 10:54:04.184,SpO2,146408065267664577648088490,
2026-03-03 10:54:04.220,heartbeat,84,0.681640625
2026-03-03 10:54:04.220,heartbeat,84,0.693359375
2026-03-03 10:54:04.273,SpO2,30327482083634526456599978,
2026-03-03 10:54:04.364,SpO2,112695312232215654014342570,
2026-03-03 10:54:04.454,SpO2,94784543370233839143048618,
2026-03-03 10:54:04.484,SpO2,62748085833536029132040656298,
2026-03-03 10:54:04.514,SpO2,69246155756688810,
2026-03-03 10:54:04.515,SpO2,325843287320346378589610,
2026-03-03 10:54:04.573,SpO2,17223776703569012374590890,
2026-03-03 10:54:04.664,SpO2,197329861368937416034833834,
2026-03-03 10:54:04.754,SpO2,308480034966748066915243434,
2026-03-03 10:54:04.874,SpO2,254011944983936748493952426,
2026-03-03 10:54:04.994,SpO2,247948315160461560060532138,
2026-03-03 10:54:05.084,SpO2,77579628756671032179250602,
2026-03-03 10:54:05.174,SpO2,65770267779397772146333098,
2026-03-03 10:54:05.211,heartbeat,85,0.7001953125
2026-03-03 10:54:05.294,SpO2,163496708176748118694385066,
2026-03-03 10:54:05.384,SpO2,300064833016639450740905386,
2026-03-03 10:54:05.474,SpO2,156160085687098981852599722,
2026-03-03 10:54:05.476,SpO2,62748085833536029132040656298,
2026-03-03 10:54:05.503,SpO2,69246155756688810,
2026-03-03 10:54:05.563,SpO2,325843287320346378589610,
2026-03-03 10:54:05.564,SpO2,221347262018497960133744042,
2026-03-03 10:54:05.685,SpO2,255182906607936282599314858,
2026-03-03 10:54:05.774,SpO2,6210393059181572687615402,
2026-03-03 10:54:05.864,SpO2,172131998221896540599834026,
2026-03-03 10:54:05.984,SpO2,280776735407276155833636266,
2026-03-03 10:54:06.074,SpO2,78821944848301321746339242,
2026-03-03 10:54:06.194,SpO2,50997780338825067464971690,
2026-03-03 10:54:06.201,heartbeat,85,0.705078125
2026-03-03 10:54:06.201,heartbeat,85,0.7119140625
2026-03-03 10:54:06.284,SpO2,215326318901514100932564394,
2026-03-03 10:54:06.373,SpO2,216506780526655100930708906,
2026-03-03 10:54:06.463,SpO2,113809532034566968704980394,
2026-03-03 10:54:06.493,SpO2,2398508918373459255731639722,
2026-03-03 10:54:06.523,SpO2,69246155756688810,
2026-03-03 10:54:06.525,SpO2,325843287320346378589610,
2026-03-03 10:54:06.583,SpO2,187885905259205777647687082,
2026-03-03 10:54:06.673,SpO2,285062523594175546343249322,
2026-03-03 10:54:06.764,SpO2,43796263976386420724946346,
2026-03-03 10:54:06.883,SpO2,89716592693122815696524714,
2026-03-03 10:54:06.973,SpO2,210509616059095853176935850,
2026-03-03 10:54:07.063,SpO2,26729094381223157999556010,
2026-03-03 10:54:07.184,SpO2,13468744636708592391509418,
2026-03-03 10:54:07.191,heartbeat,85,0.7158203125
2026-03-03 10:54:07.304,SpO2,158847962569480580310717866,
2026-03-03 10:54:07.394,SpO2,143627665951028041405650346,
2026-03-03 10:54:07.484,SpO2,202179768930264009728284074,
2026-03-03 10:54:07.487,SpO2,39227225087113242058515502506,
2026-03-03 10:54:07.514,SpO2,69246155756688810,
2026-03-03 10:54:07.573,SpO2,325843287320346378589610,
2026-03-03 10:54:07.603,SpO2,213050712202565209174267306,
2026-03-03 10:54:07.693,SpO2,53387168074363039277602218,
2026-03-03 10:54:07.784,SpO2,210504819615706467565262250,
2026-03-03 10:54:07.873,SpO2,148868436506170902484833706,
2026-03-03 10:54:08.024,SpO2,155235370728886969469719978,
2026-03-03 10:54:08.084,SpO2,218581085286502966473217450,
2026-03-03 10:54:08.181,heartbeat,85,0.712890625
2026-03-03 10:54:08.181,heartbeat,85,0.712890625
2026-03-03 10:54:08.204,SpO2,86118149361975071563797930,
2026-03-03 10:54:08.294,SpO2,223931063025842044967802282,
2026-03-03 10:54:08.384,SpO2,96889534255524322110035370,
2026-03-03 10:54:08.504,SpO2,77513497541718648067937706,
2026-03-03 10:54:08.507,SpO2,39227225087113242058515502506,
2026-03-03 10:54:08.535,SpO2,69246155756688810,
2026-03-03 10:54:08.536,SpO2,325843287320346378589610,
2026-03-03 10:54:08.593,SpO2,275848259761252966960420266,
2026-03-03 10:54:08.683,SpO2,187876479263194708660147626,
2026-03-03 10:54:08.773,SpO2,69257384872478789151446442,
2026-03-03 10:54:08.894,SpO2,88545482627090868622808490,
2026-03-03 10:54:08.983,SpO2,142909328829072916398167466,
2026-03-03 10:54:09.104,SpO2,272183740916514156429923754,
2026-03-03 10:54:09.171,heartbeat,85,0.7099609375
2026-03-03 10:54:09.194,SpO2,25534428256478348939580842,
2026-03-03 10:54:09.284,SpO2,244458800574198065558148522,
2026-03-03 10:54:09.404,SpO2,2958256453930112531781034,
2026-03-03 10:54:09.495,SpO2,37811109497791052751263146,
2026-03-03 10:54:09.497,SpO2,22824519566581952316590478762,
2026-03-03 10:54:09.555,SpO2,69246155756688810,
2026-03-03 10:54:09.556,SpO2,325843287320346378589610,
2026-03-03 10:54:09.583,SpO2,140529311389319391859398058,
2026-03-03 10:54:09.704,SpO2,127202737907048476417414570,
2026-03-03 10:54:09.794,SpO2,89659665028719635187324330,
2026-03-03 10:54:09.914,SpO2,152509547881183391096198570,
2026-03-03 10:54:10.004,SpO2,139244438732302244882896298,
2026-03-03 10:54:10.093,SpO2,86260338235500018252338602,
2026-03-03 10:54:10.161,heartbeat,85,0.7021484375
2026-03-03 10:54:10.214,SpO2,263282821004636376664069546,
2026-03-03 10:54:10.304,SpO2,226363026135497663553951146,
2026-03-03 10:54:10.394,SpO2,295252927050795080196511146,
2026-03-03 10:54:10.515,SpO2,157373715137659080857834922,
2026-03-03 10:54:10.517,SpO2,22824519566581952316590478762,
2026-03-03 10:54:10.544,SpO2,69246155756688810,
2026-03-03 10:54:10.573,SpO2,325843287320346378589610,
2026-03-03 10:54:10.603,SpO2,264958612647048302402950570,
2026-03-03 10:54:10.693,SpO2,31621669694781131531965866,
2026-03-03 10:54:10.844,SpO2,143065536287964161597461930,
2026-03-03 10:54:10.903,SpO2,191375457684481344363517354,
2026-03-03 10:54:10.993,SpO2,187672677614112339844355498,
2026-03-03 10:54:11.143,SpO2,245715376649204528810251690,
2026-03-03 10:54:11.152,heartbeat,85,0.6923828125
2026-03-03 10:54:11.152,heartbeat,85,0.6982421875
2026-03-03 10:54:11.204,SpO2,17176265593077916373046698,
2026-03-03 10:54:11.294,SpO2,219043154449177344381769130,
2026-03-03 10:54:11.444,SpO2,73972000537885442709607850,
2026-03-03 10:54:11.503,SpO2,224077770340328757709985194,
2026-03-03 10:54:11.505,SpO2,2398508918373459255731639722,
2026-03-03 10:54:11.533,SpO2,69246155756688810,
2026-03-03 10:54:11.563,SpO2,325843287320346378589610,
2026-03-03 10:54:11.623,SpO2,174540498740596541181875626,
2026-03-03 10:54:11.713,SpO2,246013921863938271358178730,
2026-03-03 10:54:11.804,SpO2,231506924013417389968283050,
2026-03-03 10:54:11.894,SpO2,284245194121705906334815658,
2026-03-03 10:54:12.014,SpO2,206726315154103796606391722,
2026-03-03 10:54:12.103,SpO2,48357032784585175696627114,
2026-03-03 10:54:12.141,heartbeat,85,0.7138671875
2026-03-03 10:54:12.193,SpO2,48357032784585175696627114,
2026-03-03 10:54:12.313,SpO2,48357032784585175696627114,
2026-03-03 10:54:12.404,SpO2,48357032784585175696627114,
2026-03-03 10:54:12.493,SpO2,142657969081009120968922538,
2026-03-03 10:54:12.523,SpO2,2398508918373459255731639722,
2026-03-03 10:54:12.554,SpO2,69246155756688810,
2026-03-03 10:54:12.583,SpO2,325843287320346378589610,
2026-03-03 10:54:12.643,SpO2,245464054012214535355585962,
2026-03-03 10:54:12.703,SpO2,275715663334785703268537770,
